Damagable_status,First_damage_days,Second_damage_days,Tired_damage_days,Predict_next_damage_days
1,1001,97,862,653
1,1074,329,273,558
0,1049,292,869,736
0,1192,31,355,526
0,1798,282,399,826
0,748,302,754,601
0,1024,858,1312,1064
0,1611,500,842,984
1,701,1006,1961,1222
0,2153,803,1641,1532
0,514,842,778,711
1,945,905,115,655
0,697,1157,1083,979
0,1830,1236,1226,1430
1,350,2386,818,1184
0,1470,1070,1649,1396
1,728,554,606,629
1,309,1096,1295,900
1,1438,441,643,840
1,443,1363,120,642
1,1011,1284,834,1043
0,897,821,695,804
1,134,1527,1533,1064
0,582,100,1388,690
0,270,519,791,526
1,92,537,402,343
1,560,553,339,484
0,182,477,317,325
0,231,261,377,289
1,530,1006,1009,848
1,65,179,468,237
1,1128,822,228,726
0,1016,860,682,852
0,88,195,758,347
0,903,337,290,510
1,601,1107,1178,962
1,69,685,748,500
1,310,415,758,494
0,227,583,497,435
1,415,883,992,763
1,922,254,137,437
0,542,1070,680,764
0,87,855,818,586
0,858,1154,423,811
0,1151,516,153,606
0,500,1112,562,724
1,963,698,894,851
1,186,1099,1132,805
1,999,415,443,619
1,1045,5,781,610
0,897,583,906,795
1,1053,157,796,668
0,673,243,872,596
0,507,1208,679,798
1,247,468,1035,583
1,640,370,907,639
0,60,306,999,455
0,794,366,1085,748
0,383,548,71,334
1,903,54,1043,666
1,278,832,930,680
0,608,89,811,502
0,1052,200,789,680
0,1124,464,987,858
1,927,309,895,710
1,1057,902,1004,987
0,1054,976,493,841
1,925,1026,39,663
1,1091,592,729,804
1,686,1138,451,758
1,335,726,1018,693
1,1086,398,373,619
1,122,382,387,297
0,519,418,862,599
1,13,1189,1148,783
1,681,1070,7,586
0,304,291,470,355
0,349,1191,41,527
1,334,40,509,294
1,1206,638,774,872
1,553,269,794,538
0,915,368,794,692
1,968,172,735,625
1,171,596,1189,652
1,1100,1072,757,976
0,515,830,501,615
1,76,623,1033,577
1,471,539,249,419
1,881,535,119,511
0,872,960,154,662
0,1117,584,902,867
0,549,965,859,791
0,656,452,239,449
0,680,165,569,471
0,12,1154,1091,752
1,409,267,1088,588
0,530,478,1096,701
1,172,1102,546,606
1,507,792,893,730
1,619,758,458,611
1,689,1117,908,904
0,585,1083,47,571
1,313,1076,62,483
0,538,270,393,400
1,539,311,959,603
0,244,599,971,604
1,1166,688,320,724
1,58,886,926,623
0,1052,1067,500,873
0,766,123,1123,670
1,432,971,833,745
1,176,611,534,440
0,89,111,843,347
0,239,905,498,547
1,143,519,998,553
1,1104,1038,523,888
1,342,16,93,150
1,1161,598,43,600
0,842,382,138,454
0,996,798,45,613
0,140,1,684,275
1,914,509,931,784
0,115,45,195,118
0,710,474,397,527
1,82,685,911,559
0,894,249,623,588
0,520,17,1209,582
1,138,925,640,567
1,204,327,452,327
1,865,1094,1140,1033
1,732,322,566,540
1,656,770,791,739
0,767,213,534,504
1,344,713,771,609
1,83,268,934,428
0,1110,790,456,785
0,930,724,782,812
0,1100,447,896,814
1,435,827,1113,791
1,874,162,738,591
0,467,154,536,385
0,646,1064,752,820
0,384,572,462,472
0,460,514,384,452
0,712,490,854,685
1,219,469,241,309
0,692,1073,1079,948
0,752,945,1074,923
0,215,513,787,505
0,1058,421,464,647
0,842,1190,942,991
0,744,908,1042,898
0,701,696,949,782
1,1186,420,49,551
0,48,921,984,651
1,5,1160,327,497
1,2,712,894,536
1,345,523,521,463
1,410,400,978,596
0,519,909,771,733
1,228,678,1147,684
1,661,613,374,549
0,177,546,168,297
1,1134,21,715,623
0,353,1214,354,640
0,104,460,524,362
0,247,571,943,587
1,1008,117,771,632
1,991,789,136,638
0,1217,593,206,672
1,615,406,812,611
1,764,1043,174,660
0,380,1203,333,638
0,596,762,1050,802
1,464,853,17,444
0,716,173,964,617
1,1138,863,79,693
0,884,989,180,684
1,5,72,221,99
1,140,431,945,505
1,1120,429,86,545
1,833,1173,499,835
1,768,1018,368,718
0,852,1004,1064,973
1,513,866,422,600
1,628,859,294,593
1,349,706,887,647
0,1079,962,645,895
1,612,125,649,462
0,76,453,83,204
1,571,1148,187,635
1,1212,658,36,635
1,716,261,811,596
0,789,914,497,733
0,1122,1013,1117,1084
1,185,557,371,371
0,193,84,274,183
0,933,1112,251,765
1,636,785,643,688
1,816,552,330,566
1,348,69,504,307
1,778,140,726,548
0,665,810,1010,828
0,795,600,378,591
0,1090,904,1155,1049
1,807,68,408,427
1,594,433,240,422
1,47,169,834,350
1,266,378,279,307
0,639,970,266,625
1,569,1213,884,888
0,98,975,672,581
1,429,284,615,442
1,43,158,470,223
0,91,413,234,246
0,588,426,149,387
1,1197,1038,268,834
0,328,5,1133,488
1,856,1073,1132,1020
1,1003,6,34,347
1,603,961,461,675
1,28,361,280,223
0,394,445,238,359
0,911,546,529,662
1,650,671,1215,845
0,800,482,304,528
0,909,260,352,507
0,148,932,893,657
1,407,1184,425,672
0,249,553,987,596
0,1207,225,409,613
1,825,9,934,589
1,652,1091,90,611
1,633,1183,945,920
0,510,838,298,548
1,1183,805,776,921
1,888,48,576,504
0,979,438,76,497
0,110,1006,158,424
1,826,442,1187,818
0,577,555,1064,732
0,875,448,1075,799
1,496,79,9,194
0,121,1167,837,708
1,905,591,984,826
1,613,280,1173,688
1,207,240,72,173
0,991,898,1090,993
1,898,1198,591,895
1,931,951,997,959
0,917,390,728,678
1,604,161,78,281
0,125,1043,652,606
1,51,546,470,355
0,51,100,853,334
1,827,765,1169,920
0,435,330,309,358
1,708,929,1112,916
0,1127,517,448,697
0,271,1027,376,558
1,816,272,566,551
1,48,100,823,323
1,568,1084,691,781
0,482,215,263,320
1,816,964,1047,942
0,1164,384,529,692
0,1106,27,708,613
0,1048,465,828,780
1,600,1182,1037,939
1,868,1177,820,955
0,809,1020,335,721
0,922,142,284,449
0,521,1173,214,636
1,282,185,18,161
0,125,1067,396,529
1,907,636,742,761
1,207,397,945,516
0,101,865,782,582
0,191,1111,102,468
0,900,244,643,595
0,489,1096,452,679
0,1166,765,364,765
0,628,805,648,693
1,6,205,331,180
1,872,155,847,624
0,129,1049,1029,735
0,317,148,559,341
1,793,418,604,605
1,247,397,952,532
0,917,1034,965,972
0,876,869,289,678
0,732,485,810,675
0,713,667,564,648
1,252,730,851,611
0,1172,711,914,932
0,613,104,283,333
1,1190,245,1108,847
1,4,882,282,389
0,808,271,591,556
1,132,42,50,74
1,770,466,470,568
0,763,682,658,701
1,1153,486,263,634
0,417,149,20,195
0,713,63,1116,630
1,155,295,601,350
0,859,1167,441,822
0,560,949,952,820
0,514,497,351,454
0,1060,752,446,752
0,639,31,1141,603
0,758,703,496,652
0,278,428,26,244
0,953,635,703,763
1,1015,883,634,844
0,31,780,828,546
0,800,155,400,451
0,1018,1024,1124,1055
0,409,1153,604,722
0,1138,261,866,755
0,806,164,51,340
1,58,915,882,618
1,1178,46,848,690
0,461,688,1004,717
1,514,780,984,759
0,808,16,333,385
1,977,865,1014,952
1,184,623,171,326
1,934,180,1183,765
0,1180,314,823,772
0,16,935,831,594
1,147,1090,354,530
0,656,91,555,434
1,590,717,753,686
0,962,803,875,880
1,263,262,761,428
0,406,795,53,418
1,1017,152,577,582
0,343,1207,460,670
0,233,188,610,343
0,6,3,112,40
1,39,927,35,333
0,809,818,912,846
1,194,699,626,506
0,125,232,418,258
0,1140,1063,237,813
1,380,859,716,651
0,258,524,625,469
1,435,877,540,617
1,679,527,484,563
1,592,50,1177,606
1,569,719,1141,809
1,600,335,669,534
0,95,834,587,505
0,1099,826,436,787
1,42,561,167,256
1,624,754,18,465
0,988,365,532,628
0,698,787,1115,866
1,498,259,1091,616
1,658,470,451,526
1,188,566,469,407
1,612,703,1016,777
0,525,732,944,733
1,316,50,724,363
1,854,119,639,537
0,957,203,1115,758
0,1001,948,993,980
0,160,865,134,386
0,48,468,7,174
0,769,565,222,518
1,1024,229,915,722
1,303,558,606,489
1,204,812,1093,703
0,885,1050,1173,1036
0,107,1158,660,641
0,925,1174,753,950
1,490,416,515,473
0,880,156,631,555
1,427,711,18,385
0,84,1120,232,478
1,71,326,416,271
0,380,1090,908,792
1,342,18,805,388
1,1098,1179,724,1000
0,1066,1112,99,759
1,846,130,1210,728
1,889,753,1122,921
0,887,709,126,574
1,816,1024,912,917
1,1100,1035,826,987
0,121,269,970,453
0,897,317,399,537
0,441,191,185,272
1,1123,185,49,452
0,1158,948,583,896
1,1137,523,283,647
1,576,146,1196,639
0,1202,925,682,936
1,762,1058,622,814
0,454,938,409,600
0,116,134,945,398
0,1112,536,398,682
0,923,600,808,777
0,547,793,909,749
0,642,1090,994,908
1,1090,1126,1182,1132
1,1059,281,111,483
0,1018,1214,819,1017
0,293,281,149,241
0,171,70,992,411
0,909,1026,841,925
1,475,90,957,507
0,978,993,371,780
0,879,486,291,552
1,1087,854,396,779
0,635,200,599,478
0,1196,1093,511,933
0,69,472,616,385
1,1170,216,545,643
0,8,467,571,348
1,162,800,400,454
1,99,865,873,612
1,1005,706,656,789
1,956,379,23,452
1,1148,843,805,932
1,995,199,1041,745
0,1161,892,1071,1041
0,610,627,903,713
0,311,710,942,654
0,1036,1203,483,907
0,162,452,1008,540
1,556,652,1159,789
1,813,445,82,446
1,28,495,861,461
0,896,720,712,776
1,384,117,880,460
0,538,958,391,629
0,595,602,549,582
0,510,287,1053,616
1,358,1074,713,715
1,1167,718,548,811
0,213,7,967,395
1,206,319,618,381
0,245,88,511,281
1,420,334,700,484
0,522,910,1043,825
0,1104,959,175,746
0,1133,817,1188,1046
0,64,291,1103,486
1,178,308,408,298
0,836,34,9,293
0,695,620,102,472
1,238,835,991,688
1,628,882,895,801
0,881,227,517,541
1,808,1064,692,854
0,237,344,769,450
1,964,427,714,701
1,512,958,1162,877
1,1058,744,1123,975
0,162,1206,559,642
0,1197,431,396,674
1,917,359,178,484
0,197,921,174,430
0,1013,653,786,817
1,630,690,1023,781
0,698,639,504,613
0,68,115,169,117
1,479,89,1189,585
1,302,219,190,237
1,1019,894,820,911
1,636,867,483,662
0,577,763,621,653
1,750,153,563,488
0,211,1111,1079,800
1,292,685,999,658
0,477,393,730,533
1,42,506,663,403
0,623,802,460,628
0,929,1064,959,984
0,212,665,584,487
1,528,129,365,340
1,716,837,678,743
0,871,244,92,402
1,926,783,290,666
1,1153,764,1030,982
1,292,1213,393,632
1,770,115,583,489
0,761,985,709,818
0,341,762,985,696
0,141,530,745,472
0,285,498,186,323
0,300,991,757,682
1,1054,512,594,720
0,1039,470,893,800
0,567,336,1004,635
1,691,746,1042,826
1,106,232,342,226
0,1132,1202,1027,1120
1,1010,792,361,721
0,544,1091,380,671
0,81,1117,118,438
0,500,480,853,611
1,1152,809,417,792
1,813,555,7,458
1,811,748,1092,883
1,402,705,233,446
1,1049,587,1079,905
1,347,878,653,626
1,803,890,763,818
1,535,435,225,398
1,1202,777,951,976
0,1092,226,87,468
1,1217,963,856,1012
0,1032,492,924,816
1,182,882,102,388
1,737,621,827,728
1,1074,725,510,769
1,416,102,596,371
1,322,196,149,222
0,162,1090,478,576
1,32,538,554,374
0,1093,601,854,849
0,406,171,1010,529
0,1159,38,809,668
0,101,766,728,531
0,184,1179,997,786
0,831,727,565,707
1,616,238,281,378
0,173,993,869,678
1,1215,992,726,977
0,159,246,355,253
1,704,892,845,813
1,850,16,269,378
0,1199,538,975,904
1,674,1163,799,878
0,413,913,731,685
1,314,340,199,284
1,977,23,293,431
1,462,631,1127,740
0,1008,513,246,589
0,179,694,482,451
0,926,813,958,899
0,727,907,915,849
1,1198,542,706,815
1,1044,126,1163,777
0,587,291,650,509
1,371,186,576,377
0,142,728,270,380
1,527,1074,190,597
1,147,485,573,401
1,117,435,276,276
1,304,1110,359,591
0,872,1052,1191,1038
0,738,964,957,886
0,669,40,591,433
0,1062,300,991,784
0,203,989,162,451
1,286,445,456,395
0,221,876,1074,723
0,20,1183,768,657
0,599,129,679,469
0,1198,824,25,682
0,995,355,994,781
1,824,223,597,548
0,1135,933,1054,1040
1,185,850,258,431
1,674,405,137,405
1,1129,741,710,860
1,11,980,17,336
1,260,178,1001,479
1,320,1164,707,730
0,92,282,147,173
0,626,360,784,590
1,1040,29,1154,741
1,1052,733,384,723
1,31,247,269,182
1,916,3,792,570
1,974,365,530,623
1,582,592,996,723
0,285,54,735,358
0,253,173,958,461
0,162,625,914,567
1,1008,577,221,602
1,1058,743,1155,985
1,927,1133,1063,1041
1,813,422,379,538
1,298,135,1024,485
1,728,468,331,509
1,854,302,97,417
1,1112,832,986,976
1,1191,602,668,820
1,842,186,1201,743
1,37,512,1159,569
0,966,1136,1073,1058
1,329,830,147,435
0,227,855,36,372
1,1083,132,97,437
1,183,31,1,71
1,1062,652,85,599
0,703,265,615,527
1,1215,1180,1027,1140
0,163,755,697,538
1,525,766,517,602
1,497,953,545,665
1,335,896,467,566
0,914,1122,140,725
1,1133,988,491,870
1,949,469,1162,860
0,376,68,58,167
0,1185,370,552,702
1,1153,462,60,558
0,196,1148,253,532
1,904,998,1148,1016
1,5,24,645,224
1,186,388,770,448
1,1084,834,1098,1005
1,231,677,311,406
0,564,813,674,683
0,677,1213,375,755
0,114,238,121,157
0,1025,1118,774,972
1,1164,673,1075,970
1,1095,971,766,944
0,149,696,1086,643
1,879,849,520,749
1,955,649,353,652
0,1185,246,469,633
0,819,471,654,648
1,169,872,458,499
1,1198,1144,465,935
0,801,1162,768,910
1,503,658,1095,752
1,1143,448,689,760
1,1053,105,751,636
1,99,937,306,447
0,240,245,451,312
1,158,500,258,305
1,660,419,328,469
0,145,636,1095,625
1,240,1088,251,526
1,262,872,936,690
1,418,708,1175,767
0,475,549,940,654
0,468,373,3,281
1,1010,117,476,534
1,469,854,1020,781
0,806,1051,939,932
0,652,852,1213,905
0,877,157,1162,732
1,557,973,533,687
1,588,77,1015,560
0,843,744,855,814
1,839,1158,197,731
0,33,282,752,355
1,23,490,1062,525
0,1172,1063,997,1077
0,1137,933,648,906
0,878,528,834,746
0,1186,616,1170,990
1,1150,856,339,781
0,1016,585,721,774
1,744,44,377,388
0,314,456,567,445
1,535,789,463,595
1,535,563,134,410
1,372,291,302,321
1,1193,634,373,733
0,42,847,1025,638
0,1007,588,799,798
1,178,109,883,390
0,61,1035,1140,745
0,445,1041,476,654
0,1049,635,102,595
0,624,3,104,243
1,905,904,428,745
1,793,1184,38,671
1,1133,748,1052,977
1,1046,338,672,685
0,1154,345,582,693
1,954,516,144,538
0,844,25,1149,672
1,936,812,713,820
0,639,529,791,653
0,645,0,1147,597
0,386,763,40,396
0,237,73,266,192
0,524,353,678,518
0,19,746,509,424
0,54,1041,165,420
1,1086,987,583,885
0,257,779,895,643
1,77,11,609,232
1,432,1215,431,692
1,663,28,154,281
1,115,22,999,378
0,68,109,105,94
0,132,652,798,527
1,1155,500,229,628
0,10,710,1193,637
0,355,530,657,514
0,685,947,516,716
1,753,478,649,626
1,676,120,374,390
0,318,410,780,502
1,1140,618,1044,934
0,17,325,1114,485
1,62,814,690,522
0,538,8,316,287
1,724,96,375,398
0,642,891,848,793
0,181,721,608,503
1,285,711,792,596
0,821,930,564,771
0,286,534,1096,638
1,951,794,855,866
0,851,1096,884,943
1,718,591,736,681
1,1166,601,657,808
1,472,954,855,760
1,42,372,138,184
0,1061,913,843,939
0,450,758,275,494
0,124,27,802,317
1,945,1124,392,820
0,658,66,551,425
1,695,130,551,458
0,1154,802,689,881
1,1107,639,1132,959
1,1161,260,436,619
0,148,822,1010,660
0,841,728,898,822
1,488,628,996,704
0,672,860,805,779
0,564,80,1179,607
1,606,201,526,444
1,245,820,906,657
0,772,1192,720,894
0,873,470,47,463
1,957,731,303,663
0,24,281,436,247
0,223,1051,163,479
1,381,1212,1211,934
0,783,509,1088,793
0,633,282,898,604
1,309,400,30,246
0,315,1172,327,604
1,557,197,152,302
1,662,680,433,591
1,876,1116,342,778
1,745,340,634,573
0,475,526,220,407
0,863,1090,892,948
0,1058,741,890,896
1,990,32,472,498
1,458,877,728,687
0,216,104,969,429
0,540,1034,484,686
1,813,510,580,634
0,186,734,35,318
1,716,177,962,618
0,921,705,1074,900
0,706,116,1213,678
0,1103,1192,1009,1101
1,988,262,975,741
0,1169,969,84,740
0,583,1033,190,602
1,83,525,180,262
0,1085,732,26,614
0,5,924,1022,650
0,206,59,790,351
1,456,687,204,449
1,390,75,521,328
1,370,313,641,441
0,385,587,254,408
0,1053,1151,274,826
0,879,564,951,798
0,572,55,136,254
0,685,404,734,607
0,727,866,404,665
1,522,505,795,607
0,821,792,1058,890
1,365,128,20,171
1,312,1159,649,706
1,382,619,417,472
0,173,734,516,474
0,498,957,394,616
1,933,320,1084,779
0,422,633,1188,747
1,424,1132,440,665
1,536,281,890,569
0,208,470,983,553
0,55,221,754,343
0,787,85,319,397
1,1053,168,133,451
0,462,70,716,416
1,1212,246,629,695
0,839,200,995,678
1,943,1216,836,998
0,335,939,395,556
1,48,371,919,446
0,83,129,1051,421
1,657,1195,722,858
0,924,606,673,734
1,427,134,638,399
0,468,328,364,386
0,779,1025,1013,939
1,505,716,1006,742
1,631,1117,811,853
1,814,1016,877,902
1,925,155,13,364
1,1181,924,109,738
1,252,872,69,397
1,204,1185,863,750
1,189,820,651,553
0,237,78,1072,462
0,303,907,644,618
0,538,206,842,528
0,152,257,315,241
1,1199,757,917,957
0,509,820,590,639
0,646,855,1107,869
1,14,503,1064,527
1,220,921,262,467
0,461,317,6,261
1,631,695,935,753
0,34,150,1001,395
0,437,215,1099,583
0,88,968,396,484
1,869,666,155,563
1,300,1052,495,615
0,1021,168,1039,742
0,795,707,702,734
1,869,115,213,399
1,824,1117,286,742
1,146,702,1105,651
0,132,485,695,437
1,21,171,735,309
1,103,179,85,122
0,135,753,784,557
0,336,212,263,270
1,461,48,1192,567
0,596,966,491,684
1,366,424,83,291
0,1076,106,651,611
1,204,445,63,237
1,1109,689,180,659
1,823,737,1116,892
0,556,18,385,319
1,1063,208,138,469
1,862,961,368,730
0,597,1014,1105,905
1,412,668,135,405
0,918,1004,33,651
1,100,94,696,296
0,928,1189,243,786
0,728,855,1091,891
0,498,595,799,630
0,186,78,718,327
0,32,105,944,360
1,712,9,626,449
0,1061,372,1049,827
0,709,618,406,577
1,866,819,381,688
1,190,201,1009,466
1,647,165,403,405
0,863,309,246,472
1,709,1018,918,881
0,294,899,1028,740
1,1196,699,1130,1008
0,604,577,767,649
1,714,1175,963,950
0,1191,28,4,407
0,893,77,739,569
0,603,700,670,657
1,636,932,42,536
0,169,107,646,307
0,958,30,318,435
1,958,1195,448,867
1,87,1072,606,588
0,852,1085,1206,1047
0,60,497,441,332
0,1081,251,1139,823
0,432,842,1079,784
0,426,382,810,539
0,174,492,1196,620
0,1150,786,823,919
1,290,991,633,638
0,336,184,827,449
0,1199,368,750,772
0,78,669,211,319
1,1149,385,421,651
1,408,616,692,572
1,422,377,327,375
0,1177,11,593,593
0,976,308,217,500
1,221,657,485,454
0,695,298,911,634
0,415,531,568,504
1,827,782,103,570
0,463,159,951,524
1,730,958,161,616
1,746,138,371,418
0,960,614,1142,905
0,808,444,969,740
1,809,18,151,326
1,1022,404,1136,854
1,64,617,55,245
0,1016,116,1204,778
0,311,784,144,413
1,402,662,290,451
1,106,970,369,481
1,400,205,504,369
1,417,742,406,521
0,599,170,416,395
1,845,10,344,399
0,579,671,1073,774
1,615,887,621,707
0,1119,621,5,581
0,185,403,364,317
0,503,107,947,519
1,1133,116,758,669
1,1022,491,535,682
1,747,1091,159,665
0,444,498,244,395
1,1036,1107,180,774
0,1097,855,138,696
1,147,16,652,271
1,213,734,664,537
1,746,1022,355,707
1,24,1215,484,574
1,772,51,1007,610
1,1201,918,230,783
1,694,402,723,606
0,455,926,587,656
1,271,408,1148,609
0,1122,972,1043,1045
0,928,1164,333,808
0,1169,618,960,915
1,546,409,813,589
1,1049,983,151,727
1,1209,478,588,758
0,272,252,292,272
0,1177,495,153,608
0,866,803,1062,910
0,878,312,236,475
0,422,753,933,702
1,709,407,692,602
1,982,356,636,658
0,368,71,78,172
0,374,72,481,309
1,609,945,604,719
0,436,610,831,625
0,600,1214,1168,994
1,888,25,1116,676
1,252,622,955,609
0,561,191,508,420
1,615,513,258,462
0,202,591,794,529
1,233,1035,26,431
0,614,252,1176,680
1,29,1144,100,424
0,321,441,131,297
1,69,847,178,364
1,581,902,1097,860
1,678,646,630,651
1,4,1141,326,490
0,189,110,749,349
0,595,333,792,573
0,1198,221,703,707
1,939,914,869,907
1,549,1066,210,608
0,833,1169,721,907
0,380,953,182,505
1,159,829,856,614
1,342,730,164,412
0,1015,1056,789,953
0,597,310,697,534
0,863,395,335,531
0,958,585,1115,886
0,1131,588,242,653
1,319,778,1050,715
0,116,268,625,336
1,221,487,948,552
0,1030,559,1005,864
1,1081,631,1143,951
0,688,176,135,333
1,766,606,873,748
0,1078,561,402,680
0,589,333,433,451
0,226,1065,52,447
1,181,540,64,261
1,885,648,236,589
0,704,143,1175,674
0,28,540,121,229
1,77,905,292,424
0,384,873,1175,810
1,585,869,863,772
1,398,340,602,446
1,678,392,331,467
1,566,464,265,431
1,1096,756,397,749
0,999,363,1097,819
1,174,824,168,388
1,621,641,17,426
1,1208,1063,895,1055
0,1144,629,862,878
0,354,167,617,379
0,794,148,202,381
0,829,629,546,668
0,903,515,1006,808
1,305,539,1190,678
1,1181,883,313,792
1,236,977,142,451
0,855,293,327,491
1,649,288,586,507
1,929,92,620,547
1,528,487,592,535
0,1074,435,67,525
0,1054,548,712,771
0,1008,292,128,476
0,949,651,896,832
0,243,218,1157,539
1,577,1191,449,739
1,1040,101,422,521
1,612,76,75,254
0,363,771,928,687
1,812,645,931,796
1,204,79,688,323
0,2,78,1082,387
1,1107,982,159,749
0,856,918,341,705
0,85,944,153,394
0,187,203,348,246
0,642,319,730,563
0,882,817,332,677
1,471,1007,938,805
0,170,984,950,701
1,500,540,488,509
1,535,508,106,383
0,474,1181,285,646
1,207,1,781,329
0,926,557,560,681
0,274,1092,498,621
1,166,406,670,414
0,546,724,525,598
1,129,278,1179,528
1,28,798,55,293
0,683,761,1149,864
0,544,640,224,469
1,266,1001,558,608
1,439,61,138,212
1,652,1116,498,755
0,660,87,65,270
1,753,482,206,480
0,946,954,1082,994
1,233,789,418,480
0,883,811,118,604
0,386,121,15,174
0,732,951,220,634
0,885,844,264,664
0,1083,807,661,850
0,1050,652,596,766
1,382,310,692,461
0,499,898,229,542
0,118,663,421,400
1,806,691,1101,866
0,885,608,1001,831
0,221,140,968,443
0,1064,1098,1166,1109
0,48,1070,681,599
1,776,1047,427,750
0,1203,594,315,704
0,313,492,1019,608
0,410,1001,1032,814
0,132,423,562,372
1,357,388,753,499
1,974,193,34,400
1,343,638,757,579
1,1189,862,1,684
1,14,370,601,328
0,1026,256,879,720
1,662,240,1059,653
0,470,753,371,531
0,658,570,607,611
0,1139,625,241,668
0,806,919,185,636
1,334,419,80,277
0,1013,1062,705,926
0,738,918,850,835
1,260,62,28,116
0,216,403,482,367
0,133,585,982,566
1,541,803,624,656
1,734,1215,303,750
1,144,230,170,181
0,489,1059,23,523
0,211,709,643,521
1,496,959,732,729
0,992,40,475,502
1,742,1042,482,755
0,884,929,1141,984
0,104,329,1172,535
0,417,392,400,403
1,354,823,936,704
1,506,840,139,495
1,698,1188,620,835
1,560,598,965,707
1,357,444,863,554
1,646,198,227,357
1,896,484,372,584
1,1092,758,931,927
0,581,851,927,786
1,862,953,987,934
0,1147,823,1217,1062
1,932,975,73,660
1,548,923,992,821
0,1151,474,532,719
1,30,185,146,120
1,235,493,740,489
0,747,954,538,746
0,433,67,1017,505
0,693,390,730,604
0,323,716,84,374
1,163,248,655,355
1,1211,510,853,858
0,893,648,501,680
0,823,725,447,665
0,1163,623,155,647
0,863,1033,1011,969
1,522,925,98,515
0,526,974,471,657
1,462,50,955,489
0,175,1128,25,442
0,804,935,1196,978
0,655,195,1063,637
0,1066,167,940,724
1,687,139,948,591
0,726,847,185,586
0,1050,400,561,670
1,1139,125,920,728
0,1115,380,338,611
0,748,589,95,477
1,789,719,109,539
1,1014,395,450,619
1,370,988,366,574
0,691,129,542,454
1,172,1141,8,440
0,554,417,830,600
1,897,413,155,488
1,1050,249,348,549
1,162,370,239,257
1,1071,461,896,809
0,141,127,1201,489
0,419,692,292,467
0,860,696,548,701
0,410,906,82,466
0,866,165,812,614
0,641,119,1152,637
1,149,1147,199,498
1,827,432,1169,809
1,554,1203,378,711
1,683,345,874,634
0,866,1184,1053,1034
1,371,139,1064,524
0,873,849,42,588
1,1137,570,516,741
0,445,1208,875,842
0,106,1043,92,413
1,823,1016,748,862
1,199,1128,321,549
0,138,1206,1093,812
1,987,467,765,739
0,220,582,141,314
0,91,582,715,462
0,579,681,582,614
1,596,580,670,615
0,1128,781,468,792
0,56,803,735,531
1,923,1174,984,1027
0,1141,4,1118,754
0,1084,277,1176,845
0,918,733,874,841
1,89,241,572,300
0,948,209,662,606
1,883,1122,615,873
0,561,1076,195,610
0,237,422,626,428
0,100,460,1199,586
0,793,1101,910,934
0,640,1191,1126,985
1,338,713,378,476
1,389,615,666,556
1,1094,16,1075,728
1,997,1046,778,940
1,144,633,299,358
1,1145,584,142,623
0,723,1132,1148,1001
1,371,1088,415,624
1,476,774,1109,786
0,868,582,271,573
0,865,829,256,650
0,144,333,203,226
1,384,862,8,418
1,138,692,5,278
0,633,991,76,566
0,180,1079,146,468
1,138,1013,457,536
1,283,924,115,440
0,797,386,758,647
1,977,771,915,887
0,918,509,906,777
0,375,715,1002,697
1,1135,631,156,640
1,865,1066,586,839
0,1185,223,215,541
0,1105,941,145,730
1,912,162,660,578
0,175,335,529,346
1,910,422,315,549
0,278,873,104,418
0,756,68,610,478
1,686,1095,1110,963
1,597,960,1107,888
0,536,967,950,817
0,47,44,416,169
0,34,781,1004,606
0,210,791,410,470
0,546,287,29,287
1,380,124,946,483
0,841,598,705,714
0,96,717,228,347
0,298,1084,1117,833
1,493,827,120,480
0,83,709,677,489
1,535,292,709,512
1,107,859,1083,683
1,624,1050,1141,938
0,619,728,999,782
1,609,353,329,430
1,551,597,252,466
0,675,333,660,556
0,1067,180,309,518
0,813,1057,609,826
0,490,131,720,447
0,1061,902,692,885
0,703,114,418,411
0,168,183,182,177
0,757,541,1101,799
0,776,120,1128,674
0,224,346,491,353
1,1046,679,1092,939
0,549,690,821,686
1,832,1030,363,741
0,1,1171,302,491
1,78,503,366,315
1,72,1042,912,675
0,1029,280,71,460
0,860,527,676,687
1,318,640,567,508
0,1127,1174,354,885
1,969,261,1069,766
1,813,722,983,839
1,895,545,229,556
0,656,713,438,602
1,739,602,433,591
1,267,311,178,252
1,828,188,528,514
1,427,682,393,500
0,1179,813,206,732
1,767,683,1139,863
1,263,1123,1038,808
0,491,663,1102,752
0,816,99,563,492
1,203,484,8,231
0,416,195,173,261
1,891,498,357,582
1,960,360,864,728
0,126,776,172,358
1,264,223,804,430
1,289,884,446,539
0,942,556,1018,838
1,1059,1109,885,1017
0,330,277,1185,597
0,1085,1166,111,787
1,136,1212,298,548
0,492,953,1094,846
1,590,808,46,481
1,348,553,194,365
0,1132,188,971,763
1,757,264,977,666
0,321,122,0,147
1,1039,742,959,913
1,257,322,459,346
1,887,1087,122,698
1,747,68,294,369
0,979,70,1050,699
1,1035,1103,363,833
0,214,838,882,644
1,648,258,764,556
1,219,899,521,546
0,414,986,337,579
0,35,641,1052,576
0,944,27,442,471
0,967,201,1148,772
0,521,272,110,301
1,439,227,529,398
0,741,304,1190,745
1,549,112,170,277
0,1176,642,146,654
0,1038,1020,632,896
1,9,831,1015,618
0,643,811,830,761
1,890,1001,185,692
1,1102,854,809,921
0,467,1111,172,583
0,378,40,151,189
0,174,116,413,234
1,1073,459,141,557
1,480,385,1045,636
1,505,701,212,472
0,1123,681,172,658
0,1180,194,927,767
1,1104,504,888,832
1,361,369,835,521
0,349,1038,617,668
0,1194,897,1021,1037
0,1005,167,604,592
0,349,801,724,624
1,685,216,831,577
1,661,572,317,516
0,433,1124,847,801
1,102,889,638,543
1,910,569,1029,836
1,704,324,530,519
1,1210,182,954,782
0,707,356,303,455
0,62,268,12,114
1,324,717,381,474
0,648,392,674,571
0,831,414,603,616
0,616,362,1092,690
0,1021,208,1015,748
1,1168,884,92,714
1,1170,640,1134,981
0,565,393,767,575
0,33,646,586,421
1,1011,881,133,675
0,660,1170,60,630
0,989,846,12,615
1,242,1030,1012,761
0,584,357,932,624
0,188,528,515,410
1,243,448,320,337
1,312,241,627,393
1,690,468,323,493
1,631,1101,156,629
1,542,1113,3,552
0,285,104,494,294
1,98,875,889,620
0,481,1188,1105,924
0,1158,1079,822,1019
1,589,35,157,260
0,405,1056,1106,855
1,588,495,884,655
1,169,869,938,658
1,456,862,1055,791
0,150,1210,934,764
0,820,851,1076,915
0,1096,908,1169,1057
0,779,826,572,725
0,928,143,58,376
0,88,250,81,139
1,924,919,182,675
1,697,555,530,594
1,134,536,1158,609
1,407,1038,1077,840
0,169,53,953,391
1,1089,259,1038,795
1,827,944,1043,938
1,243,16,93,117
0,389,387,927,567
1,948,976,994,972
1,752,101,197,350
0,120,1087,715,640
0,587,884,793,754
1,353,1043,727,707
0,1058,1009,1204,1090
1,983,680,614,759
0,328,876,1025,743
1,24,132,924,360
1,66,417,478,320
0,837,918,158,637
1,317,1210,485,670
0,816,925,1158,966
1,470,706,270,482
0,1083,818,63,654
0,406,811,1093,770
1,215,944,145,434
1,91,974,126,397
1,618,880,115,537
0,82,26,1104,404
1,1103,961,934,999
1,649,225,1206,693
1,894,271,937,700
1,965,114,561,546
0,1162,590,183,645
1,1123,810,845,926
1,730,646,419,598
1,480,392,1206,692
1,439,1086,663,729
1,1196,387,522,701
1,729,793,1175,899
0,974,210,830,671
1,372,445,346,387
1,1162,337,1057,852
0,534,434,710,559
1,1175,1100,198,824
1,679,341,728,582
1,187,408,799,464
1,968,803,1013,928
1,1006,1000,163,723
0,968,1202,418,862
0,188,457,815,486
0,1036,1177,824,1012
1,109,1057,265,477
1,71,907,586,521
0,1003,334,489,608
1,43,1119,77,413
0,47,993,278,439
0,276,491,1072,613
0,323,163,22,169
0,1127,510,647,761
1,1211,439,500,716
0,829,536,823,729
1,732,1216,876,941
0,130,1153,646,643
0,1127,683,567,792
1,111,441,1205,585
1,601,882,128,537
1,38,220,123,127
0,817,342,724,627
0,719,393,668,593
1,59,315,965,446
1,285,958,984,742
0,237,32,580,283
0,1017,902,469,796
1,337,779,423,513
0,247,447,249,314
1,845,71,172,362
0,871,255,201,442
0,966,253,130,449
1,23,848,519,463
1,1131,1023,366,840
1,787,352,628,589
1,1031,82,897,670
1,919,916,328,721
0,1010,802,324,712
1,412,1048,487,649
0,877,505,87,489
0,650,772,1201,874
0,1113,247,763,707
1,855,357,939,717
1,661,837,343,613
0,1128,869,34,677
1,1059,456,1115,876
1,611,253,1063,642
1,961,932,242,711
0,5,921,213,379
0,1116,382,1103,867
0,416,954,4,458
1,161,562,140,287
1,342,868,562,590
1,433,488,411,444
0,817,188,977,660
0,980,72,472,508
0,1195,807,858,953
0,512,740,13,421
1,433,452,872,585
0,312,621,1171,701
1,139,749,13,300
0,66,160,1137,454
1,326,911,818,685
1,1060,980,1012,1017
1,638,1024,1188,950
0,279,613,846,579
1,642,1184,1182,1002
1,1104,230,187,507
1,172,1066,239,492
1,1144,1153,694,997
0,957,522,39,506
1,981,800,450,743
1,180,7,158,115
0,248,199,1032,493
0,618,697,169,494
1,62,1093,867,674
0,887,193,704,594
0,408,71,794,424
1,972,714,1197,961
1,552,77,282,303
1,886,919,65,623
0,954,1097,1138,1063
0,764,769,665,732
0,1118,884,498,833
0,871,1084,253,736
0,1190,1007,463,886
0,178,774,693,548
0,396,729,211,445
1,619,387,63,356
0,794,1068,466,776
1,779,33,19,277
1,1055,898,340,764
1,1105,1166,1088,1119
1,463,514,127,368
1,1086,45,294,475
0,1075,986,576,879
1,663,230,1092,661
0,950,707,249,635
0,1202,971,616,929
1,12,503,170,228
0,162,313,570,348
0,188,199,924,437
0,438,817,564,606
0,815,714,946,825
0,103,262,939,434
0,649,415,900,654
0,756,941,465,720
1,341,720,341,467
1,754,543,41,446
0,385,672,758,605
1,513,1007,130,550
1,905,430,571,635
1,788,652,640,693
0,925,961,962,949
0,483,909,193,528
0,303,314,837,484
1,799,51,1104,651
0,186,848,511,515
0,917,1015,910,947
0,633,474,1115,740
0,584,832,498,638
1,1030,851,305,728
1,298,359,1032,563
0,1131,581,943,885
0,294,274,721,429
0,798,40,313,383
0,389,334,118,280
1,335,631,203,389
1,1216,816,975,1002
1,557,103,1130,596
1,246,1159,699,701
1,787,1117,1001,968
0,102,44,31,59
1,156,191,121,156
1,296,121,839,418
0,1009,163,824,665
0,1013,695,923,877
1,32,626,229,295
1,444,507,738,563
1,215,986,227,476
0,847,967,797,870
0,424,586,718,576
0,725,812,780,772
1,2,1026,975,667
1,580,870,426,625
0,1192,307,268,589
0,931,1062,516,836
0,1201,41,499,580
0,485,641,229,451
1,168,638,136,314
0,1015,616,134,588
0,642,169,486,432
1,691,997,545,744
0,359,589,733,560
1,810,896,1039,915
0,1040,857,642,846
1,813,975,812,866
1,653,755,597,668
0,47,825,1188,686
1,498,626,433,519
0,327,592,116,345
1,977,488,280,581
1,740,76,538,451
1,421,1154,679,751
1,1149,790,51,663
0,23,1203,470,565
1,723,650,543,638
0,840,604,735,726
1,621,415,965,667
0,313,658,654,541
0,773,291,1049,704
0,1199,349,1163,903
1,559,148,655,454
1,602,552,646,600
1,54,772,547,457
1,438,22,1185,548
0,888,49,1003,646
1,982,571,336,629
1,1171,701,213,695
1,313,626,1124,687
1,1143,337,913,797
1,206,716,286,402
1,974,635,1106,905
0,312,548,1042,634
1,608,625,322,518
1,545,964,929,812
1,946,325,90,453
0,931,913,361,735
1,248,333,12,197
1,1134,1024,1047,1068
1,544,1212,1035,930
0,471,960,931,787
0,1131,876,616,874
1,117,159,986,420
0,159,786,577,507
1,252,64,459,258
1,34,867,172,357
1,634,130,268,344
1,791,39,105,311
1,151,1184,348,561
1,1199,1146,1104,1149
0,933,1180,372,828
1,304,1074,951,776
1,611,1203,895,903
1,640,878,543,687
1,751,23,647,473
0,788,545,665,666
1,998,368,758,708
1,321,930,416,555
0,645,205,558,469
1,67,78,951,365
1,949,1146,581,892
0,1136,2,403,513
1,134,975,277,462
1,136,213,85,144
1,173,1038,845,685
0,651,1142,118,637
1,895,1002,94,663
0,171,90,253,171
0,153,608,234,331
0,732,1035,453,740
1,544,821,1203,856
0,585,440,711,578
0,909,544,259,570
0,377,211,209,265
1,1185,30,782,665
1,340,1163,686,729
1,1171,238,389,599
0,13,624,668,435
0,51,787,251,363
0,1134,112,990,745
0,510,816,1180,835
1,1093,220,1131,814
0,20,721,829,523
1,609,317,1104,676
0,467,172,134,257
1,42,1063,870,658
1,1108,1124,1214,1148
0,925,56,652,544
1,543,1060,154,585
0,71,695,982,582
0,386,943,74,467
1,1067,113,358,512
0,1095,231,1177,834
0,524,1133,583,746
1,825,1124,193,714
0,590,264,617,490
0,183,406,627,405
1,480,866,321,555
1,634,285,723,547
0,831,62,809,567
0,1211,1088,677,992
1,759,859,306,641
0,238,1159,847,748
1,588,853,115,518
0,358,343,184,295
0,775,305,354,478
1,432,149,527,369
0,115,644,1052,603
0,732,597,731,686
1,4,585,251,280
1,418,717,1211,782
0,1092,1215,681,996
0,457,770,892,706
1,181,247,1031,486
0,1165,148,1124,812
1,1044,1141,1064,1083
0,259,52,521,277
1,891,450,1003,781
0,751,926,245,640
0,436,633,334,467
1,141,33,274,149
1,1124,532,466,707
0,936,651,1138,908
1,1035,975,1020,1010
0,482,1123,895,833
0,1082,497,799,792
0,424,288,233,315
0,442,386,392,406
0,239,648,793,560
0,284,668,534,495
1,327,1037,953,772
1,712,963,1019,898
1,733,209,932,624
1,590,1155,646,797
0,478,195,924,532
0,0,451,691,380
0,136,241,1192,523
0,927,532,75,511
1,1146,960,294,800
1,883,351,300,511
0,637,284,1191,704
0,1125,795,799,906
1,1107,951,140,732
1,118,763,496,459
0,1084,786,541,803
0,594,143,268,335
0,811,163,455,476
0,185,750,43,326
1,587,1162,1085,944
1,919,99,67,361
1,886,517,432,611
0,145,75,391,203
1,594,1097,799,830
1,146,386,228,253
1,1026,691,878,865
1,268,623,833,574
0,1056,136,1002,731
1,440,1036,81,519
0,1173,917,490,860
1,1134,808,116,686
1,422,1128,1068,872
0,703,173,415,430
1,29,699,1062,596
0,67,631,933,543
0,843,8,550,467
0,405,641,1118,721
0,552,1195,527,758
0,116,881,601,532
1,79,247,929,418
1,556,424,116,365
0,949,387,1135,823
0,858,357,40,418
0,950,514,730,731
0,699,294,732,575
1,596,1006,1136,912
1,945,711,1059,905
0,1183,797,1207,1062
0,857,735,269,620
1,103,402,1140,548
0,560,666,666,630
1,53,2,680,245
1,111,1213,516,613
1,613,753,1079,815
1,1015,73,383,490
0,325,426,1063,604
0,319,646,193,386
1,739,676,613,676
0,837,992,860,896
0,307,992,806,701
0,520,1047,1185,917
0,465,162,666,431
0,820,685,404,636
1,1099,1059,988,1048
1,133,840,443,472
0,8,108,76,64
0,159,1140,559,619
1,765,109,145,339
0,852,122,850,608
0,795,890,1042,909
1,1006,1119,306,810
1,770,240,691,567
1,1030,782,493,768
1,34,291,4,109
1,223,509,1137,623
1,144,838,934,638
0,515,641,769,641
0,15,316,441,257
1,997,642,259,632
1,724,76,598,466
0,0,1091,607,566
1,820,718,71,536
0,570,54,323,315
1,896,207,411,504
1,67,767,1189,674
0,1034,536,1101,890
0,1066,312,1176,851
0,1070,951,976,999
1,138,297,856,430
1,117,996,19,377
0,107,237,549,297
0,961,795,705,820
1,7,1035,733,591
0,1203,259,1174,878
1,1104,317,1174,865
0,612,607,812,677
0,1099,825,837,920
0,1083,729,654,822
0,894,728,498,706
0,537,96,509,380
1,587,617,449,551
1,156,1135,1174,821
1,377,172,226,258
1,427,185,1015,542
1,116,195,263,191
1,625,369,671,555
1,317,889,757,654
1,453,16,538,335
0,846,313,133,430
0,315,848,531,564
0,943,852,1060,951
0,867,1128,833,942
1,1034,820,1164,1006
1,663,208,106,325
1,16,47,994,352
1,1108,824,319,750
1,278,962,247,495
0,304,776,338,472
1,844,655,1171,890
1,552,1161,333,682
0,647,1016,313,658
0,872,482,462,605
1,348,373,867,529
1,536,598,787,640
0,417,144,720,427
1,923,39,1052,671
1,110,1107,759,658
0,364,500,16,293
1,975,828,240,681
1,673,937,1179,929
1,470,551,858,626
0,393,1208,804,801
1,902,894,1070,955
1,458,483,561,500
0,1,852,282,378
1,815,347,916,692
1,66,848,1107,673
1,1025,246,583,618
1,994,782,887,887
1,21,455,548,341
1,538,479,1028,681
1,183,591,320,364
0,224,79,349,217
1,220,416,513,383
1,769,245,419,477
0,973,48,662,561
1,908,222,235,455
0,999,212,638,616
1,287,468,1033,596
0,1100,639,1077,938
1,814,139,397,450
1,18,1187,1038,747
0,1010,772,149,643
1,984,744,1205,977
0,434,901,276,537
0,765,796,1138,899
1,919,938,1197,1018
1,47,941,1151,713
1,171,284,1005,486
0,507,9,712,409
0,652,654,1192,832
1,475,890,604,656
0,903,407,1098,802
0,329,1195,317,613
1,1005,226,361,530
0,714,440,346,500
0,1120,147,230,499
0,152,938,554,548
1,360,632,138,376
1,65,730,707,500
1,1214,470,1139,941
0,121,1194,421,578
0,121,425,193,246
0,98,637,930,555
0,45,472,1090,535
0,397,410,169,325
0,111,607,924,547
1,843,1010,237,696
0,138,730,7,291
1,210,526,1138,624
1,215,1179,1106,833
0,706,436,1149,763
0,956,1044,312,770
1,147,1116,808,690
0,1119,690,18,609
0,698,192,37,309
0,87,818,368,424
1,862,171,707,580
0,586,916,206,569
0,974,770,910,884
1,336,603,650,529
0,287,1112,961,786
0,1140,777,582,833
1,869,510,761,713
0,563,753,62,459
0,967,43,275,428
0,1047,188,335,523
0,399,244,958,533
1,16,573,447,345
0,134,715,307,385
1,35,1029,670,578
0,530,1054,996,860
1,1015,471,295,593
0,621,910,399,643
0,308,337,557,400
0,334,788,1152,758
0,916,591,1069,858
1,433,1144,247,608
1,1084,1094,26,734
0,107,1015,8,376
1,456,361,1134,650
1,292,1135,1018,815
1,1194,733,678,868
1,767,948,239,651
0,90,471,307,289
0,779,761,406,648
0,209,1018,612,613
0,259,809,675,581
1,369,46,357,257
0,953,781,1035,923
0,378,992,488,619
0,676,137,183,332
1,149,216,1075,480
1,762,847,386,665
0,1100,325,146,523
0,870,399,380,549
1,646,1163,1059,956
1,256,530,1124,636
1,627,211,1166,668
0,100,1100,1036,745
0,760,506,1041,769
0,97,1062,616,591
1,660,422,571,551
1,225,883,26,378
1,718,278,267,421
0,1052,860,506,806
0,331,243,1152,575
0,1059,463,1057,859
0,1023,982,306,770
0,185,589,1140,638
1,865,1209,238,770
1,476,964,92,510
0,1013,377,869,753
0,1001,391,1138,843
0,1040,498,694,744
0,1101,687,160,649
0,650,1048,524,740
1,610,823,602,678
1,961,216,787,654
1,120,457,1146,574
1,542,1161,608,770
1,38,153,92,94
0,1025,696,855,858
0,1136,453,241,610
0,797,1014,123,644
0,1119,811,887,939
0,520,540,20,360
0,1195,314,577,695
0,328,633,901,620
1,1160,294,992,815
0,857,1105,1192,1051
1,67,1216,90,457
0,1130,1047,131,769
0,192,615,947,584
1,502,754,657,637
0,843,31,394,422
0,310,495,734,513
0,456,141,530,375
0,1204,10,605,606
0,858,611,1043,837
0,1135,103,561,599
1,1116,998,683,932
0,433,53,620,368
0,591,253,31,291
0,802,343,1085,743
1,1107,457,981,848
0,401,153,1136,563
0,34,3,344,127
1,874,827,1019,906
1,457,264,243,321
1,318,45,983,448
1,433,727,1071,743
1,412,1186,1040,879
1,376,1215,893,828
1,365,1175,344,628
0,172,356,1125,551
0,1097,404,1080,860
0,1181,887,388,818
0,652,250,1190,697
0,864,564,947,791
0,1162,875,1018,1018
0,82,1175,915,724
0,10,304,1113,475
0,114,586,505,401
1,127,962,686,591
0,734,1034,1202,990
1,79,1051,7,379
0,139,873,1093,701
0,1073,89,1062,741
1,486,423,742,550
1,206,587,559,450
0,1083,633,1043,919
1,600,173,739,504
1,131,1047,182,453
0,671,186,118,325
1,816,809,490,705
0,1021,982,53,685
0,738,295,564,532
0,314,1142,45,500
1,498,931,515,648
0,575,63,820,486
0,134,1038,1192,788
1,459,576,572,535
1,748,690,655,697
0,185,1010,157,450
1,428,1112,609,716
0,893,1046,1195,1044
0,1091,6,668,588
0,657,564,292,504
1,1148,954,360,820
1,407,507,242,385
1,652,463,957,690
1,222,403,191,272
1,889,1175,407,823
1,1136,922,556,871
1,543,283,773,533
1,703,587,511,600
1,1192,384,181,585
0,53,1030,543,542
1,973,56,521,516
0,1106,714,247,689
0,454,888,129,490
0,525,879,170,524
0,373,174,387,311
1,714,1051,1028,931
1,1091,374,563,676
1,994,1049,521,854
1,352,303,72,242
1,284,731,1123,712
0,824,1154,60,679
0,189,190,568,315
1,504,303,858,555
0,629,91,362,360
0,1172,984,912,1022
1,282,755,356,464
1,799,28,4,277
0,370,634,1181,728
1,237,440,712,463
0,187,261,68,172
1,81,538,354,324
1,733,671,185,529
1,31,195,558,261
0,1176,80,176,477
1,804,823,1152,926
0,343,543,1127,671
0,592,233,511,445
1,43,262,963,422
0,118,199,872,396
1,326,246,210,260
0,882,1126,667,891
1,1174,263,493,643
1,739,563,996,766
0,557,996,37,530
0,1162,1147,180,829
0,380,1047,91,506
0,1053,885,768,902
1,787,644,112,514
0,549,471,1130,716
0,915,495,523,644
0,676,897,582,718
1,942,403,487,610
1,929,336,197,487
1,477,1203,173,617
1,309,1099,801,736
1,1181,507,670,786
1,77,115,253,148
1,580,724,964,756
1,585,271,1018,624
0,956,189,487,544
1,837,650,89,525
1,907,881,675,821
0,1054,593,942,863
0,501,1111,385,665
0,253,174,884,437
1,142,235,214,197
1,537,956,643,712
1,275,484,365,374
0,240,236,626,367
1,572,111,475,386
0,357,512,1036,635
1,476,0,692,389
1,445,232,184,287
0,336,172,734,414
1,325,167,853,448
0,302,58,448,269
0,817,696,160,557
0,467,390,1117,658
0,796,348,501,548
0,1145,661,408,738
0,234,409,46,229
0,110,1050,485,548
0,1050,501,701,750
0,218,113,387,239
1,1008,323,766,699
0,36,314,1023,457
0,8,707,261,325
0,416,370,211,332
0,841,747,793,793
1,757,397,996,716
1,397,708,809,638
0,757,763,650,723
1,587,420,78,361
0,769,764,441,658
0,763,599,970,777
1,862,847,203,637
1,87,966,604,552
1,1148,593,423,721
1,295,687,1187,723
1,297,72,427,265
1,392,74,427,297
1,93,332,645,356
1,410,510,397,439
0,906,166,459,510
1,253,826,1108,729
0,471,967,739,725
1,1079,66,1134,759
0,689,706,600,665
0,654,490,743,629
1,192,139,386,239
0,633,651,484,589
1,893,36,530,486
0,411,919,811,713
0,806,930,508,748
1,490,725,512,575
0,573,1165,732,823
0,1009,204,1131,781
1,458,1032,887,792
1,773,111,934,606
1,98,112,1161,457
1,1092,783,450,775
0,1136,1122,1049,1102
0,30,11,965,335
1,1011,744,732,829
0,513,759,706,659
0,1127,655,518,766
1,941,50,845,612
1,332,483,549,454
0,880,1171,1129,1060
0,717,590,151,486
0,306,254,116,225
1,993,162,769,641
1,101,214,1067,460
1,886,429,256,523
0,241,1192,746,726
0,778,105,421,434
0,139,1059,173,457
0,41,592,1074,569
0,998,491,491,660
0,691,518,641,616
1,551,614,149,438
1,1172,563,489,741
1,1075,1181,347,867
1,770,763,321,618
0,486,877,889,750
1,787,331,628,582
0,777,478,699,651
1,757,1171,785,904
1,946,62,400,469
0,1207,713,300,740
1,735,1013,998,915
1,452,961,270,561
1,80,947,250,425
1,580,1160,845,861
0,143,1072,371,528
0,723,111,281,371
1,472,978,81,510
1,427,979,945,783
1,831,155,574,520
0,26,323,768,372
1,439,20,634,364
1,556,733,655,648
0,977,943,1113,1011
1,1191,277,137,535
0,71,965,525,520
1,405,409,1094,636
0,653,116,1033,600
1,1188,795,281,754
1,477,911,375,587
1,157,564,857,526
1,129,434,206,256
0,585,363,35,327
1,1139,1134,1084,1119
0,1070,1017,1174,1087
0,65,928,472,488
1,69,667,123,286
1,630,777,1162,856
0,324,622,1048,664
0,657,271,644,524
1,434,958,647,679
1,145,250,900,431
0,296,535,755,528
1,684,1161,137,660
1,1140,537,655,777
0,1213,385,1186,928
1,929,987,868,928
0,732,714,763,736
0,1152,574,572,766
1,1167,1192,64,807
1,297,993,373,554
1,519,17,979,505
1,980,998,420,799
1,665,65,575,435
0,798,1109,815,907
0,1097,278,243,539
1,465,965,997,809
0,245,1097,477,606
1,142,961,1069,724
0,280,697,583,520
0,923,1145,462,843
0,640,1162,33,611
0,1089,836,1203,1042
1,14,1125,628,589
0,644,115,1116,625
1,49,710,74,277
0,172,108,768,349
1,204,502,501,402
1,892,867,924,894
1,458,683,258,466
1,170,217,650,345
1,202,439,504,381
1,582,91,936,536
1,652,1166,892,903
1,239,705,947,630
1,828,741,388,652
1,1159,860,554,857
1,145,306,1073,508
1,1156,1061,995,1070
0,686,676,84,482
0,1150,617,920,895
1,205,485,1099,596
1,214,1063,284,520
0,253,931,778,654
0,202,156,77,145
1,486,12,184,227
0,495,365,139,333
1,132,14,323,156
1,978,259,44,427
0,689,91,1063,614
0,817,435,665,639
1,37,225,1179,480
0,366,1202,467,678
1,205,150,1113,489
0,1176,248,710,711
1,742,205,1140,695
1,726,576,520,607
0,965,1136,1163,1088
1,349,603,528,493
0,60,715,409,394
0,1186,727,1134,1015
1,876,282,611,589
0,960,593,168,573
0,468,678,160,435
0,182,1180,37,466
1,801,905,326,677
1,379,362,906,549
0,747,15,388,383
0,340,994,565,633
1,1047,834,1025,968
1,147,475,305,309
0,88,771,1201,686
0,66,173,660,299
0,899,12,620,510
0,746,296,1074,705
1,1086,819,19,641
1,472,612,323,469
1,886,434,1120,813
0,26,435,423,294
0,586,1184,796,855
1,572,937,535,681
0,1172,660,1128,986
1,66,1118,224,469
1,127,1090,442,553
0,919,961,643,841
1,444,879,433,585
1,212,725,240,392
0,793,235,894,640
1,24,781,1180,661
1,1149,49,123,440
0,851,719,436,668
1,483,189,884,518
1,198,28,145,123
0,272,733,1047,684
0,192,833,217,414
0,1124,260,59,481
1,112,1122,461,565
0,46,570,594,403
0,371,85,804,420
1,132,624,278,344
1,1047,202,216,488
0,1199,640,1137,992
1,478,514,607,533
0,375,753,220,449
0,1188,1074,761,1007
1,976,68,250,431
1,36,637,224,299
0,23,98,767,296
1,986,167,617,590
1,200,500,212,304
1,861,99,92,350
0,985,682,653,773
1,938,1099,844,960
0,233,199,1132,521
1,683,656,547,628
1,403,1052,29,494
1,166,880,1094,713
1,1063,825,1042,976
1,913,663,306,627
1,1057,476,387,640
1,129,1114,297,513
1,33,466,103,200
1,1033,256,1156,815
1,402,27,948,459
1,285,180,952,472
0,1177,0,327,501
0,1188,1014,633,945
0,690,751,525,655
1,333,486,70,296
0,573,464,1217,751
0,212,145,406,254
0,767,20,531,439
0,536,1004,1133,891
1,332,219,596,382
1,288,915,1071,758
1,594,1117,471,727
1,543,879,561,661
0,179,1001,911,697
1,520,191,532,414
1,209,611,803,541
0,482,551,519,517
1,1105,148,1111,788
0,11,576,76,221
1,662,1186,1170,1006
1,678,68,454,400
1,167,561,205,311
0,1211,987,537,911
0,985,262,142,463
1,162,107,701,323
0,1015,789,997,933
1,587,781,659,675
0,832,274,358,488
1,26,293,837,385
1,1074,387,42,501
0,601,625,1062,762
1,319,942,266,509
0,70,1201,463,578
0,932,260,675,622
0,438,1128,929,831
1,715,578,426,573
0,205,532,997,578
0,469,207,975,550
0,584,66,874,508
0,836,151,152,379
0,942,805,878,875
1,356,874,1143,791
0,702,114,200,338
0,763,1156,621,846
0,469,502,296,422
1,639,482,1163,761
1,662,295,629,528
0,1036,1094,217,782
1,907,267,96,423
0,698,782,1159,879
0,847,418,738,667
0,554,1083,872,836
0,924,1148,628,900
0,731,42,897,556
0,528,270,644,480
1,715,310,1211,745
1,428,268,64,253
0,294,755,138,395
1,496,372,792,553
0,1078,632,288,666
0,471,823,520,604
1,1087,47,534,556
0,1068,157,321,515
0,129,103,890,374
0,61,671,825,519
1,37,935,429,467
1,1141,781,177,699
1,822,786,732,780
0,864,234,649,582
1,722,873,904,833
1,389,481,322,397
0,988,333,950,757
1,552,1110,229,630
1,84,30,353,155
1,557,945,266,589
1,45,118,921,361
0,799,916,1038,917
1,344,1005,1167,838
1,1209,1142,589,980
0,516,1190,868,858
1,342,1184,794,773
0,920,75,614,536
1,134,1062,852,682
0,139,626,67,277
0,1195,321,87,534
0,1054,101,680,611
1,1164,1005,459,876
1,997,268,223,496
0,917,205,1040,720
1,529,313,482,441
0,474,1008,1085,855
1,1162,1217,547,975
0,1075,738,822,878
1,35,1011,514,520
0,777,662,1049,829
1,26,1132,209,455
1,1040,303,1064,802
0,736,1089,1010,945
0,115,507,246,289
1,837,808,680,775
0,361,1019,282,554
0,1122,1071,680,957
1,1136,667,291,698
1,237,150,1075,487
1,729,482,1172,794
0,733,49,1215,665
1,259,571,1076,635
1,442,585,445,490
1,415,111,682,402
1,229,1106,1066,800
0,1007,411,319,579
0,787,839,581,735
0,49,378,902,443
1,571,347,592,503
0,448,708,579,578
0,491,384,946,607
0,1162,689,202,684
1,613,1068,1121,934
1,1202,627,144,657
1,141,838,1134,704
1,558,247,1097,634
1,266,959,699,641
0,1199,1197,691,1029
0,739,783,633,718
1,757,431,824,670
0,868,500,692,686
0,762,1048,518,776
0,533,864,395,597
1,553,250,1079,627
1,92,471,550,371
1,839,1055,401,765
1,1172,614,1143,976
1,616,602,836,684
0,154,163,40,119
0,616,562,454,544
1,1211,829,192,744
0,1086,519,390,665
0,424,674,974,690
1,1025,173,971,723
0,667,309,525,500
0,1080,1180,1070,1110
0,992,28,1099,706
0,643,552,311,502
1,724,255,484,487
1,33,568,1107,569
0,1109,856,448,804
1,774,219,734,575
1,567,149,925,547
1,287,399,968,551
1,315,1019,7,447
0,649,244,667,520
0,1123,220,884,742
1,1080,477,1179,912
1,975,751,213,646
0,907,829,653,796
0,575,98,605,426
1,397,881,69,449
1,633,927,1196,918
0,985,297,591,624
0,635,442,1201,759
0,657,1134,1135,975
0,741,132,558,477
0,568,532,295,465
0,786,1019,8,604
0,808,741,374,641
1,212,478,596,428
0,954,104,1044,700
1,1091,969,740,933
0,1187,190,260,545
1,1187,945,177,769
0,145,299,1190,544
1,1156,975,169,766
1,1018,297,262,525
0,651,1153,1,601
1,1045,155,698,632
1,911,126,875,637
0,643,1166,431,746
1,710,1040,355,701
0,23,893,438,451
0,517,454,240,403
1,646,955,1201,934
1,869,366,789,674
0,730,576,224,510
1,1053,763,681,832
1,532,530,79,380
0,1159,861,616,878
1,865,657,564,695
0,1112,249,213,524
1,999,678,877,851
1,1097,314,391,600
1,86,1125,713,641
1,279,945,197,473
1,519,1081,152,584
0,1034,689,372,698
1,500,423,236,386
0,856,14,627,499
1,498,950,1005,817
0,295,401,1149,615
0,1115,1048,557,906
1,691,101,269,353
0,1084,121,387,530
1,840,705,32,525
1,646,878,28,517
1,495,172,457,374
0,1020,592,437,683
1,244,333,851,476
0,132,383,216,243
1,1031,636,1075,914
0,175,58,121,118
0,1026,83,468,525
1,88,425,1099,537
1,861,781,557,733
0,245,1084,1196,841
0,356,553,149,352
0,353,550,584,495
1,644,918,101,554
1,839,710,978,842
0,249,650,241,380
0,836,1109,1125,1023
0,343,538,953,611
0,389,367,971,575
0,44,39,822,301
0,731,1016,689,812
0,685,1163,1029,959
0,508,864,85,485
1,981,938,243,720
0,269,621,934,608
1,222,635,675,510
0,324,249,508,360
0,826,763,144,577
1,913,490,890,764
1,196,631,359,395
1,876,481,246,534
1,523,1,0,174
1,356,57,435,282
1,982,215,982,726
0,1032,282,581,631
0,337,704,213,418
0,102,735,20,285
0,1021,68,45,378
0,4,1062,1050,705
1,290,808,556,551
0,508,182,4,231
0,371,719,928,672
0,1051,902,164,705
0,802,50,711,521
0,881,165,375,473
1,519,286,710,505
1,220,156,789,388
0,496,655,1197,782
1,35,630,1170,611
0,866,29,723,539
1,464,554,1101,706
1,182,819,100,367
0,437,427,286,383
1,924,287,415,542
0,163,232,589,328
1,121,397,121,213
0,780,56,324,386
0,118,535,248,300
1,72,986,1139,732
1,369,692,681,580
0,122,1106,884,704
0,440,800,889,709
0,750,1125,983,952
0,168,1048,42,419
0,209,389,522,373
0,851,87,664,534
0,1138,671,597,802
0,440,426,716,527
0,998,908,794,900
0,747,643,683,691
0,57,1041,812,636
1,352,189,1157,566
1,850,1028,368,748
0,644,238,195,359
0,1177,529,43,583
1,944,1024,949,972
1,524,559,1109,730
0,265,882,815,654
0,914,871,656,813
0,277,436,124,279
1,842,1161,519,840
1,718,812,1169,899
0,214,11,488,237
0,111,1085,787,661
0,44,349,431,274
1,840,926,1080,948
1,719,119,61,299
1,882,1175,651,902
0,155,701,212,356
1,297,411,872,526
1,1042,340,604,662
0,1185,710,406,767
1,441,597,642,560
0,358,642,672,557
1,443,903,381,575
0,130,294,201,208
1,800,939,504,747
0,864,1139,896,966
0,736,653,689,692
1,620,798,400,606
1,843,711,703,752
1,493,891,1168,850
1,305,255,319,293
0,1095,225,582,634
0,994,411,1103,836
1,658,1202,439,766
1,981,470,1012,821
0,90,1013,843,648
0,21,225,369,205
0,1154,3,235,464
1,689,416,555,553
1,873,1135,965,991
1,30,100,706,278
0,1136,732,709,859
1,518,501,605,541
1,1013,887,958,952
1,1108,935,643,895
1,904,1118,1068,1030
1,562,85,836,494
1,1097,760,79,645
1,932,78,825,611
0,222,80,126,142
1,672,279,1121,690
0,83,1084,417,528
0,231,136,937,434
0,1129,262,252,547
1,1076,1166,984,1075
0,705,777,393,625
1,546,281,922,583
1,950,816,634,800
1,1002,1206,707,971
1,377,1014,485,625
0,190,140,276,202
1,728,38,49,271
1,344,612,936,630
1,952,386,588,642
0,852,453,466,590
0,1185,540,780,835
0,145,334,1054,511
1,910,765,579,751
1,723,603,970,765
1,1159,126,1172,819
0,859,706,608,724
0,891,812,1159,954
0,335,310,295,313
1,1038,331,328,565
0,856,324,164,448
1,461,338,205,334
1,639,632,734,668
0,281,810,532,541
1,681,565,64,436
1,1089,369,521,659
1,162,689,866,572
1,281,1030,359,556
1,528,1002,612,714
1,203,120,746,356
0,752,156,1159,689
1,295,627,711,544
0,152,239,149,180
1,1133,1126,1,753
0,533,586,467,528
1,1141,559,1123,941
0,623,379,1027,676
0,1198,881,427,835
0,538,601,686,608
0,82,1185,115,460
1,60,42,134,78
1,20,938,863,607
1,560,454,772,595
1,850,789,841,826
1,597,1136,278,670
0,1039,1184,1074,1099
1,547,822,616,661
0,1190,1115,198,834
1,576,552,1000,709
1,316,990,908,738
0,929,345,954,742
1,1167,834,7,669
0,493,549,300,447
1,393,789,765,649
0,691,1015,760,822
0,635,907,143,561
0,626,133,310,356
0,435,535,1088,686
0,959,856,1178,997
1,486,145,16,215
0,419,1143,111,557
0,434,814,9,419
0,973,170,685,609
0,836,1028,897,920
0,521,507,1159,729
0,494,913,1184,863
0,417,916,113,482
0,605,6,158,256
1,909,1064,144,705
1,89,520,147,252
1,1213,1011,327,850
1,281,203,1179,554
1,947,1192,825,988
1,86,595,123,268
0,687,828,744,753
0,613,575,105,431
1,364,289,969,540
0,813,174,842,609
1,258,833,1027,706
1,412,333,735,493
1,1003,1126,907,1012
0,540,340,382,420
1,933,521,19,491
0,525,1013,426,654
0,302,37,703,347
0,535,963,124,540
1,545,1016,48,536
1,1099,1170,1008,1092
1,1130,1165,1118,1137
1,226,663,859,582
1,485,275,596,452
0,1,456,1204,553
1,165,279,1122,522
1,88,995,884,655
0,398,752,828,659
1,564,908,1036,836
1,362,1103,808,757
1,1191,603,621,805
0,878,338,1150,788
0,323,268,488,359
1,59,202,861,374
1,1186,605,804,865
0,342,616,696,551
1,884,1026,1200,1036
0,607,106,691,468
0,878,244,854,658
1,271,873,697,613
0,929,518,939,795
0,1195,746,970,970
0,728,211,140,359
0,492,823,907,740
1,668,721,175,521
1,1085,312,416,604
1,758,550,156,488
1,827,648,7,494
0,825,701,1056,860
0,1116,560,47,574
1,1054,615,430,699
0,463,572,1058,697
0,731,1014,598,781
1,504,1110,950,854
0,369,663,437,489
1,361,747,446,518
1,1102,37,380,506
1,400,758,151,436
1,1197,1084,775,1018
0,1133,304,847,761
1,452,889,244,528
1,1032,554,1005,863
0,1142,1085,343,856
1,594,683,998,758
1,156,319,815,430
0,351,177,155,227
1,738,739,636,704
1,304,294,239,279
0,627,383,581,530
1,670,236,466,457
0,511,611,594,572
0,40,321,844,401
1,356,749,23,376
0,594,1128,290,670
1,346,913,803,687
1,1006,153,371,510
0,90,831,23,314
0,767,525,484,592
1,99,1213,668,660
0,930,1168,1071,1056
1,365,48,613,342
0,398,813,189,466
0,124,26,240,130
1,1147,650,457,751
1,92,13,1133,412
1,40,133,257,143
0,676,1180,334,730
1,677,113,378,389
1,405,406,1166,659
0,948,464,974,795
1,544,367,866,592
1,44,655,754,484
1,454,148,165,255
0,891,1107,361,786
0,1036,527,47,536
1,701,133,1065,633
0,482,438,1114,678
1,583,210,179,324
1,487,278,1177,647
1,519,2,513,344
0,268,731,940,646
0,849,70,624,514
0,483,88,498,356
1,355,267,445,355
0,636,53,992,560
1,952,514,568,678
0,1142,113,527,594
1,153,148,635,312
1,1111,414,590,705
0,621,1022,623,755
0,1132,1127,1092,1117
1,680,707,51,479
1,133,1109,681,641
1,476,627,278,460
0,980,47,346,457
0,83,101,99,94
1,956,165,426,515
1,365,465,351,393
1,191,527,434,384
0,934,1117,772,941
1,795,1089,1005,963
0,265,253,1175,564
0,783,522,710,671
0,152,333,506,330
0,425,1111,817,784
0,465,408,945,606
0,490,1175,883,849
0,219,1069,1062,783
0,404,231,513,382
1,749,343,769,620
1,361,1213,126,566
0,463,255,1022,580
1,359,1194,311,621
1,248,61,347,218
1,719,1105,1001,941
1,497,1192,32,573
0,836,364,848,682
1,681,301,656,546
0,916,158,294,456
1,47,818,541,468
1,395,1197,504,698
0,453,639,449,513
0,263,348,1209,606
1,6,1061,260,442
0,916,852,8,592
0,1178,427,190,598
0,596,827,602,675
1,1040,947,1106,1031
0,628,569,537,578
1,459,345,156,320
0,618,289,586,497
1,1079,568,851,832
0,935,751,1191,959
1,872,1127,309,769
0,762,762,1066,863
1,140,702,1106,649
1,562,907,205,558
0,1099,697,454,750
0,224,1049,400,557
1,389,429,824,547
0,19,904,570,497
1,167,874,59,366
1,567,858,1197,874
0,994,1106,779,959
0,327,922,846,698
0,836,956,217,669
1,890,333,461,561
0,963,777,699,813
0,1112,320,505,645
1,196,489,443,376
0,74,915,731,573
0,854,204,800,619
1,180,761,671,537
1,950,1178,485,871
0,267,1126,1109,834
0,165,641,1101,635
0,527,1065,27,539
0,995,682,656,777
0,4,498,523,341
0,55,542,747,448
0,83,671,748,500
0,576,265,469,436
0,73,791,635,499
1,983,68,739,596
0,309,652,862,607
0,777,73,218,356
1,873,431,349,551
0,941,412,1084,812
1,766,930,550,748
1,596,691,833,706
1,809,347,745,633
1,141,523,1217,627
1,1002,578,523,701
0,801,733,618,717
0,748,360,452,520
0,840,56,928,608
0,313,738,1162,737
0,707,542,585,611
1,959,465,201,541
1,382,605,764,583
0,435,526,482,481
0,673,270,930,624
0,1051,749,306,702
1,1197,165,1206,856
1,135,1021,1185,780
0,1173,692,893,919
1,923,164,717,601
1,535,685,832,684
0,151,512,1118,593
1,1146,1181,207,844
1,598,589,210,465
0,554,325,325,401
1,457,275,819,517
1,688,970,380,679
0,390,953,625,656
1,1217,557,1169,981
1,1017,761,69,615
1,1006,421,315,580
0,106,630,14,250
0,1000,818,617,811
1,909,532,461,634
1,485,1132,1047,888
1,243,982,737,654
1,114,678,517,436
1,639,23,1000,554
0,204,817,1076,699
0,810,146,209,388
0,281,284,196,253
1,91,521,364,325
0,883,651,685,739
0,887,640,1168,898
0,203,507,351,353
0,730,146,595,490
1,698,593,600,630
1,1049,1052,573,891
0,171,1031,478,560
0,1176,703,815,898
1,416,268,676,453
0,215,108,556,293
0,850,471,555,625
1,67,585,776,476
1,562,92,1127,593
1,550,1045,767,787
1,101,697,888,562
0,991,623,391,668
0,691,551,1071,771
1,1033,848,257,712
1,1147,735,1112,998
0,343,379,848,523
0,256,287,649,397
0,510,254,1155,639
0,104,583,326,337
0,570,30,390,330
0,819,1123,839,927
1,957,14,647,539
0,680,901,819,800
1,567,535,1027,709
0,81,418,428,309
1,1000,1138,898,1012
0,284,762,804,616
0,484,580,167,410
0,862,1207,85,718
0,179,879,766,608
1,283,551,1068,634
1,1010,252,677,646
0,564,705,492,587
1,617,593,644,618
1,292,531,673,498
1,159,757,1143,686
1,476,653,733,620
0,528,268,791,529
1,1035,300,527,620
1,82,510,65,219
0,746,531,479,585
0,775,94,33,300
1,494,244,354,364
0,811,972,834,872
0,676,651,388,571
0,408,174,420,334
0,459,58,1162,559
1,393,1109,866,789
0,1113,874,350,779
